{
  "short_audio": {
    "0.1s": {
      "similarity": 0.6710828648448228,
      "shape": [
        512
      ]
    },
    "0.5s": {
      "similarity": 0.9147060361247329,
      "shape": [
        512
      ]
    },
    "1.0s": {
      "similarity": 0.9665498451194179,
      "shape": [
        512
      ]
    }
  },
  "long_audio": {
    "5.0s": {
      "similarity": 0.9929513874725421,
      "shape": [
        512
      ]
    },
    "10.0s": {
      "similarity": 0.9901305919911164,
      "shape": [
        512
      ]
    },
    "30.0s": {
      "similarity": 0.9847382674604537,
      "shape": [
        512
      ]
    }
  },
  "silence": {
    "silence_embedding_norm": 1.303693175315857,
    "noise_embedding_norm": 1.9680498838424683,
    "similarity": -0.20068127330622687
  },
  "pure_noise": {
    "gaussian": {
      "similarity": 0.9961078190281526,
      "embedding_norm": 1.965631127357483
    },
    "uniform": {
      "similarity": 0.934484229769309,
      "embedding_norm": 1.6172419786453247
    }
  },
  "variable_length": {
    "mean_similarity": 0.9589554892562095,
    "std_similarity": 0.03337062757395251,
    "lengths_tested": [
      0.5,
      1.0,
      2.0,
      3.0,
      5.0
    ]
  }
}